<?xml version="1.0" encoding="UTF-8"?>
<project-private xmlns="http://www.netbeans.org/ns/project-private/1">
    <editor-bookmarks xmlns="http://www.netbeans.org/ns/editor-bookmarks/2" lastBookmarkId="0"/>
    <open-files xmlns="http://www.netbeans.org/ns/projectui-open-files/2">
        <group>
            <file>file:/C:/Users/matas/Documents/NetBeansProjects/Lab3_MaisosLenteles/src/laborai/gui/swing/Menu.java</file>
            <file>file:/C:/Users/matas/Documents/NetBeansProjects/Lab3_MaisosLenteles/src/laborai/gui/messages.properties</file>
            <file>file:/C:/Users/matas/Documents/NetBeansProjects/Lab3_MaisosLenteles/src/laborai/gui/fx/Lab3WindowFX.java</file>
            <file>file:/C:/Users/matas/Documents/NetBeansProjects/Lab3_MaisosLenteles/src/laborai/gui/swing/Lab3Window.java</file>
        </group>
    </open-files>
</project-private>
